{
  "mejor_modelo_cv": "RandomForest",
  "mejor_score_cv": 0.9912185508805187,
  "resultados_cv": {
    "LogisticRegression": {
      "mean": 0.9313989812443149,
      "std": 0.00040647162088188176,
      "scores": [
        0.930706398736081,
        0.9315357725880261,
        0.93166114722597,
        0.9318743319724554,
        0.9312172556990416
      ]
    },
    "RandomForest": {
      "mean": 0.9912185508805187,
      "std": 0.0001304332249162498,
      "scores": [
        0.9911192750571655,
        0.9913616624857269,
        0.9913937609877754,
        0.9911046474274734,
        0.9911134084444523
      ]
    },
    "XGBoost": {
      "mean": 0.9911280204024393,
      "std": 0.0001726856388122714,
      "scores": [
        0.9910462667955506,
        0.991382104798979,
        0.9912798677670503,
        0.9909995152237272,
        0.9909323474268893
      ]
    }
  },
  "metricas_test": [
    {
      "Modelo": "LogisticRegression",
      "Accuracy": 0.9315031048935365,
      "Precision": 0.8015552633083652,
      "Recall": 0.8541763143142656,
      "F1-Score": 0.8270296100953966,
      "ROC-AUC": 0.9592510877128828,
      "PR-AUC": 0.6843529774328833
    },
    {
      "Modelo": "RandomForest",
      "Accuracy": 0.9913955433446876,
      "Precision": 0.9665456277159354,
      "Recall": 0.9893611835530965,
      "F1-Score": 0.9778203344715242,
      "ROC-AUC": 0.9994002103608334,
      "PR-AUC": 0.9973276525109813
    },
    {
      "Modelo": "XGBoost",
      "Accuracy": 0.9912763939313232,
      "Precision": 0.9648308605341246,
      "Recall": 0.9906042067805698,
      "F1-Score": 0.9775476826129832,
      "ROC-AUC": 0.9993511796928098,
      "PR-AUC": 0.9971097302368321
    }
  ],
  "mejor_modelo_accuracy": "RandomForest",
  "mejor_modelo_f1": "RandomForest",
  "mejor_modelo_roc": "RandomForest"
}