{
  "LogisticRegression": {
    "mean": 0.9313989812443149,
    "std": 0.00040647162088188176,
    "scores": [
      0.930706398736081,
      0.9315357725880261,
      0.93166114722597,
      0.9318743319724554,
      0.9312172556990416
    ]
  },
  "RandomForest": {
    "mean": 0.9912185508805187,
    "std": 0.0001304332249162498,
    "scores": [
      0.9911192750571655,
      0.9913616624857269,
      0.9913937609877754,
      0.9911046474274734,
      0.9911134084444523
    ]
  },
  "XGBoost": {
    "mean": 0.9911280204024393,
    "std": 0.0001726856388122714,
    "scores": [
      0.9910462667955506,
      0.991382104798979,
      0.9912798677670503,
      0.9909995152237272,
      0.9909323474268893
    ]
  }
}