{
  "mean": 0.9313989812443149,
  "std": 0.00040647162088188176,
  "scores": [
    0.930706398736081,
    0.9315357725880261,
    0.93166114722597,
    0.9318743319724554,
    0.9312172556990416
  ]
}